UIMask,image,
TestMask,image,
SeasonUI,image,
SeasonUI_00,image,
SeasonUI_01,image,
SeasonUI_02,image,
SeasonUI_03,image,
ShadeMask_Circle,image,
NoneMask,image,
ShrubMask,image,
TestImg,image,
ShadeMask_LR,image,
Bar,image,
CollisionArea,image,
E_SkillCircle,image,
E_CheckArea,image,
Page_Title,image,
Page_Operation,image,
Page_StaffScroll,image,
Page_Ending,image,
Page_Clear,image,
Text_Prompt,image,
Text_Operation,image,
Text_StaffScroll,image,
Text_GameStart,image,
UnitLine,image,
A_Branch_Idle,image,Animetions
A_Branch_Break,image,Animetions
A_Bird_Fly,image,Animetions
A_Eagle_Fly,image,Animetions
A_Eagle_Attack,image,Animetions
A_Apple_Idle,image,Animetions
A_Shrub_Pollution,image,Animetions
A_Shrub_Hidden,image,Animetions
A_Shrub_Spring,image,Animetions
A_Shrub_Summer,image,Animetions
A_Shrub_Autumn,image,Animetions
A_Shrub_Winter,image,Animetions
A_Player_Walk,image,Animetions
A_Player_Idle,image,Animetions
A_Player_Jump,image,Animetions
A_Player_Attack,image,Animetions
A_Player_Run,image,Animetions
A_Boar_Run,image,Animetions
A_Squirrel_Run,image,Animetions
A_Squirrel_Eat,image,Animetions
A_Squirrel_Catch,image,Animetions
P_MapleLeafRed,image,Particles
P_MapleLeafYellow,image,Particles
P_SnowFlake,image,Particles
P_Sakura,image,Particles
P_Leaf,image,Particles
P_Snow,image,Particles
P_Rain,image,Particles
P_Square,image,Particles
P_Cross,image,Particles
P_Circle,image,Particles
P_Bar,image,Particles
P_Ring,image,Particles
P_Flower_0,image,Particles
P_Flower_1,image,Particles
P_Flower_2,image,Particles
P_Flower_3,image,Particles
P_Ice_0,image,Particles
P_Ice_1,image,Particles
P_Ice_2,image,Particles
P_Ice_3,image,Particles
P_Ice_4,image,Particles
Stage2Map_0,image,StageLayers
Stage1Back_0,image,StageLayers
Stage1Back_1,image,StageLayers
Stage1Map_0,image,StageLayers
Stage1Map_1,image,StageLayers
Stage1Map_2,image,StageLayers
Stage1Map_3,image,StageLayers
Stage1Map_4,image,StageLayers
Stage1Map_5,image,StageLayers
Stage1Map_6,image,StageLayers
Stage1Map_7,image,StageLayers
Stage1Map_8,image,StageLayers
Stage1Map_9,image,StageLayers
Stage1Map_10,image,StageLayers
Stage1Map_11,image,StageLayers
Stage1Map_12,image,StageLayers
Stage1Map_13,image,StageLayers
Stage1Map_14,image,StageLayers
Stage1Map_15,image,StageLayers
Stage1Map_16,image,StageLayers
Stage1Map_17,image,StageLayers
Stage1Map_18,image,StageLayers
Stage1Map_19,image,StageLayers
Stage1Map_20,image,StageLayers
Stage1Map_21,image,StageLayers
Stage1Map_22,image,StageLayers
Stage1Map_23,image,StageLayers
Stage1Map_24,image,StageLayers
Stage1Map_25,image,StageLayers
Stage1Map_26,image,StageLayers
Stage1Map_27,image,StageLayers
Stage1Map_28,image,StageLayers
Stage1Map_29,image,StageLayers
Stage1Map_30,image,StageLayers
Stage1Map_31,image,StageLayers
Stage1Map_32,image,StageLayers
Stage1Map_33,image,StageLayers
Stage1Map_34,image,StageLayers
Stage1Map_35,image,StageLayers
Stage1Map_36,image,StageLayers
Stage1Map_37,image,StageLayers
Stage1Map_38,image,StageLayers
Stage1Map_39,image,StageLayers
Stage1Map_40,image,StageLayers
Stage1Map_41,image,StageLayers
Stage1Map_42,image,StageLayers
Stage1Map_43,image,StageLayers
Stage1Map_44,image,StageLayers
Stage1Map_45,image,StageLayers
Stage1Map_46,image,StageLayers
Stage1Map_47,image,StageLayers
Stage1Map_48,image,StageLayers
Stage1Map_49,image,StageLayers
Title,bgm,
GamePlay,bgm,
Ending,bgm,
Operation,bgm,
StaffScroll,bgm,
Clear,bgm,
Shoot,se,
Bom,se,
Laser,se,
PaticleShader,effect,
BloomCombine,effect,
BloomExtract,effect,
GaussianBlur,effect,
MaskShader,effect,
CircleBar,effect,
HGPop,font,
